20666;Intelligence In The Sun;14/05/2016;125
22447;Cultured By The New World;20/10/2022;163
23041;Human Of New Earth;18/11/2017;123
21564;Rebels And;29/11/2021;152
20271;Insects Of The Planet;09/07/2014;166
21254;Nation Of The New World;18/01/2015;134
20534;Bored By Women;12/04/2022;134
20211;Death Of The Dark;02/12/2014;122
20773;Light Of Solar Flares;09/01/2020;167
22262;Defenders From Outer Space;10/04/2017;170
22121;Beasts Of The Orbit;22/01/2020;152
22545;Complexity Of A Nuclear Winter;07/07/2022;141
20335;Wealth Of The Rivers;29/01/2018;130
22301;Assassin Of Honor;30/12/2016;142
22452;Nightmares Of The Nether;15/10/2021;137
21473;Symbols Of Stardust;15/06/2017;161
22434;Birth Of New Worlds;30/03/2018;145
23003;Aliens Of The Vacuum;08/04/2019;133
20213;Officer Of Stardust;02/02/2023;134
20210;Leaders Of Aliens;24/11/2022;132
23362;Soldiers Of Our Future;17/12/2020;157
17642;Man On Mars;14/05/2016;153
22664;Androids And Enemies;04/09/2015;157
20746;Snake Of The Swamp;05/11/2017;136
22500;Chase;11/08/2017;165
23202;Horse Of Tomorrow;06/11/2019;143
22507;Demise Of War;27/03/2023;131
23101;Ashamed Of The End;15/12/2021;166
21136;Visitor Of Space;20/01/2016;126
21567;Intruder Of Darkness;10/01/2023;146
23103;Agents And Droids;30/01/2023;156
22750;Boy Of Aliens;09/06/2022;167
22475;Anxious For The Galaxy;17/02/2018;151
21720;Origin Of The Stars;19/11/2022;167
20102;Criminals Of Shadows;27/05/2015;133
20233;Defender Of The Void;08/06/2020;160
23164;Crazy Of A Rise Of Machines;19/01/2023;154
17722;Women Of The Depths;07/11/2015;147
20647;Figure Of The Flight;21/12/2014;136
20430;Stranger In The Beginning Of Time;04/12/2021;157
22044;Medics And Friends;14/05/2020;131
22525;Hunters And Veterans;27/02/2014;142
20313;Cautious Of Technolic Advancements;18/05/2013;125
17653;Travelling Of The South;16/06/2017;124
22152;Snakes Of The North;03/07/2022;162
21511;Hunters Of Our Future;22/03/2016;136
23225;Hope;11/04/2017;135
22274;Corruption Of The Planet;21/03/2015;160
20475;Creators And Thieves;01/11/2015;132
21457;Ancestors Without Restrictions;04/01/2018;170
17652;Aliens Of The Flight;05/06/2013;153
20311;Serenity Of The Eyes;01/04/2017;145
21062;Illusions Of Tomorrow;05/09/2021;151
22720;Limits Of A Nuclear War;28/08/2017;152
21171;Confused By The End;28/08/2016;142
20101;Men Of The East;20/06/2014;133
22043;Dream Of Darkness;03/03/2014;122
21632;Buildings Without Restrictions;13/10/2018;165
23021;Demise Of Robots;27/05/2016;166
23330;Invaders And Spies;08/07/2013;155
22431;Warriors Per Realm;25/07/2021;170
20205;Help Of The North;27/10/2016;160
22026;Cautious Of The Mountains;05/05/2022;147
20066;Rats And Heirs;19/05/2016;144
20762;Prediction Of The Sea;16/09/2013;131
21566;Creatures Of The Future;21/09/2016;123
23016;Officers And Foreigners;11/07/2022;163
22640;Boy With Spaceships;23/05/2015;143
20453;Predators Of Heaven;31/10/2022;167
22424;Mice And Stars;02/04/2020;125
21344;Music Of The Lakes;24/07/2022;165
17655;Bandits And Men;07/03/2022;133
20710;Riddle Of An Insect;08/11/2022;170
20604;Rebels And Officers;09/04/2020;160
23112;Death Of The Ocean;06/01/2017;154
23405;Farms Of Our Realm;17/12/2020;145
22547;Amazing Fantasy;04/01/2014;126
22726;Horse In My Yard;16/08/2021;132
20262;Cyborgs Of The Void;12/06/2019;142
20007;Culling Of Time;24/02/2014;163
20624;Lonely In My Journey;07/11/2022;131
22137;Women And Devils;18/03/2015;142
22056;Disguised In The Depths;24/05/2018;147
22327;Figure Of Animals;05/06/2018;141
20247;Deception Of Time;28/05/2018;145
22571;Ancients Of The West;12/01/2017;161
21572;Agents Of The New World;22/04/2016;170
20444;Volunteers And Strangers;07/11/2020;140
21033;Caring For The Sun;13/05/2015;125
21520;Boys Of Mars;24/11/2017;127
22632;Fools And Mice;29/10/2020;154
20015;Figures Of An Asteroid;06/03/2019;130
22420;Creature Of Our Destiny;06/10/2015;127
23057;Of The Ocean;15/02/2021;135
22264;Fools Of The East;12/10/2018;145
20026;Revival Of The New World;18/05/2015;152
20424;Hunter Of Eternity;24/02/2014;167
17523;Politicians Per Country;13/12/2020;135
21316;Visitors Of Exploration;04/09/2019;137
23336;Criminals And Criminals;09/05/2015;122
22766;Is This a Movie ?;12/04/2015;137
20705;Leader Of The Void;13/07/2017;124
20670;Fools And Grasses;03/03/2023;162
21676;Cyborg Of Space;18/03/2015;124
23172;Stars Of The Universe;23/12/2017;145
20725;Signs Of Our Future;22/04/2018;165
23030;Defenders Of Our Future;17/12/2016;160
22555;Hunters And Strangers;13/01/2021;155
23215;Fungi Of Technology;29/08/2020;124
21436;Fog In The Lake;17/03/2018;162
17736;Cat Of A Dog;20/03/2022;153
20657;Insects Without Borders;11/10/2019;160
20006;Creatures And Figures;02/12/2014;143
22713;Death Of The Universe;16/03/2014;162
21474;Doctors And Creators;05/01/2022;132
22153;Medic Of New Earth;02/02/2016;145
21616;Creation Of Society;17/12/2013;167
21355;Disguised By A Rise Of Machines;10/09/2015;137
22126;Destruction Of A Creature;16/11/2016;166
23120;Celebrating Moondust;11/03/2018;151
22071;Beast Of The Ocean;26/05/2022;160
21454;Afraid Of Time Travel;26/12/2013;160
22445;Comforted By My Life;20/01/2019;134
20561;Men And Medics;08/09/2017;135
22133;Witches And Criminals;04/07/2016;125
21430;Elements Of The Mountains;08/04/2017;153
22322;Open To New Earth;28/07/2021;142
22305;Changed By The Secrets;01/10/2017;153
22202;Athletics Of Time;24/11/2020;136
21422;Blinded By;26/12/2018;162
21671;Spiders Per Country;11/07/2013;140
22057;Statues Of The Future;20/10/2016;146
22176;Birth Of Stardust;06/01/2023;125
21477;Figures Of Moondust;14/12/2014;122
20401;Lost Science;09/07/2014;123
21235;Monuments Of The Vacuum;29/06/2019;125
23261;Boys In The News;06/03/2018;156
20473;Boys And Blacksmiths;05/08/2020;153
17516;Obliteration Of The Galaxy;20/10/2022;150
22050;Turtle Of The Swamp;23/01/2015;155
21306;Mercenary Of The Sands;18/09/2015;155
20207;Destiny Of Earth's Legacy;02/07/2020;133
22575;Beasts In The Center Of The Earth;30/07/2013;126
17556;Agents And Figures;10/08/2014;145
17567;Hunters Of Men's Legacy;23/10/2020;146
23266;Drinks Without Limits;31/08/2015;153
21672;Confusing The Rivers;09/05/2016;127
22633;Snakes Of A Dog;21/08/2015;155
20263;Rats And Pests;14/09/2019;164
21772;Visitor Of Sunshine;06/11/2019;137
20426;Digital Your Garden;25/03/2014;140
20665;Hawk Of A Creature;31/01/2021;155
17510;Mice Of Your Dreams;31/07/2016;125
20455;Alive On The Titans;07/09/2017;160
21603;Hunters And Commanders;25/02/2018;164
22144;Warriors And Emperors;18/02/2018;132
20043;Doctor Of The Outlands;27/06/2021;124
21021;Created By A New War;25/11/2014;133
23273;Men Of Honor;28/08/2015;156
20447;Jaded By My Destiny;05/02/2019;136
23206;Lords Of The Nether;27/10/2013;154
20450;Agents And Soldiers;10/09/2016;125
17703;Monuments Of New Worlds;07/04/2021;151
22516;Spiders Of Tomorrow;12/05/2013;132
23331;Deception Of Darkness;14/02/2014;141
23023;Visions Of Nature;05/12/2021;146
21142;Strangers And Traitors;23/01/2023;122
21013;Basic Androids;26/08/2020;145
22710;Medics And Children;18/02/2018;146
20122;Clones Of The Galaxy;23/03/2017;134
20502;Robot With Tentacles;11/12/2020;163
22621;Serenity Of Electricity;05/06/2020;146
20713;Volunteers And;15/07/2017;135
20177;Phantoms In My Village;29/07/2020;150
22446;Strangers And Intruders;28/07/2015;170
21517;Obliteration Of Honor;16/11/2017;153
23010;Perfume Of The Stars;17/06/2016;136
22225;Directors And Leaders;19/03/2019;136
23277;Married To A Nuclear War;25/12/2020;161
23333;Children And Gods;20/08/2020;122
20317;Blacksmiths And Hunters;29/03/2014;157
23354;Captain Of The Orbit;17/12/2020;155
21315;Security Of Electricity;28/09/2015;154
23320;Creatures And Athletes;05/07/2017;167
21221;Doctors And Visitors;23/05/2014;143
22765;Boy With A UFO;30/07/2020;143
20452;Root Of The Sands;08/08/2017;155
23327;Cyborgs Of Stardust;12/12/2015;140
22242;Dog Of The Void;28/07/2014;140
20607;Emperors In The Past;05/08/2020;143
22433;Snakes And Dogs;18/11/2017;153
22154;Age In Eternity;24/12/2015;154
21102;Children Of The New World;08/05/2018;122
21060;Life With The Titans;04/08/2021;126
20012;Doctors Of Sunshine;10/04/2019;147
21660;Men And Soldiers;08/04/2022;163
21031;Medics Of Earth;02/03/2022;156
22532;Enemy In The Center Of The Earth;14/03/2014;164
22427;Hunters With Tentacles;08/06/2020;154
17530;Foes In My Yard;20/08/2021;143